image1.jpg,"[depot]"
image10.jpg,"[depot]"
image2.jpg,"[depot]"
image3.jpg,"[depot]"
image4.jpg,"[depot]"
image5.jpg,"[depot]"
image6.jpg,"[depot]"
image7.jpg,"[depot]"
image8.jpg,"[depot]"
image9.jpg,"[depot]"
img11.jpg,"[depot]"
img12.jpg,"[depot]"
img13.jpg,"[depot]"
img14.jpg,"[depot]"
img15.jpg,"[depot]"
img16.jpg,"[depot]"
img17.jpg,"[depot]"
img18.jpg,"[depot]"
img19.jpg,"[depot]"
img20.jpg,"[depot]"
img21.jpg,"[depot]"
img22.jpg,"[depot]"
img23.jpg,"[depot]"
img24.jpg,"[depot]"
img25.jpg,"[depot]"
img26.jpg,"[depot]"
img27.jpg,"[depot]"
img28.jpg,"[depot]"
img29.jpg,"[depot]"
img30.jpg,"[depot]"